id;type;amount;commission_amount;description;payment_reference;status;source_account_id;destination_account_id;response_message;account_owner_id
1;DEPOSIT;59208;33642;Concrete;Facilitator;SUCCESSFUL;empowering Shilling Buckinghamshire;grow;invoice;Garden scale
2;TRANSFER;25283;38698;SQL;Cotton Small;FAILED;Loan Strategist;Ball e-tailers Technician;incentivize high-level Industrial;grey end-to-end optimize
3;DEPOSIT;55302;51541;Pizza Facilitator;Mariana Ergonomic;FAILED;clear-thinking Fish Island;connecting BEAC plum;port capacitor compressing;maximize connect
4;DEPOSIT;86056;90732;Montana drive SSL;mesh;SUCCESSFUL;JBOD even-keeled;magenta intangible;SMTP Developer Producer;Mexico
5;TRANSFER;4088;49489;Chief calculating;white;SUCCESSFUL;Rustic Electronics;BEAC eyeballs;Extension;moderator synergies Botswana
6;BILLS;34240;41423;Forward;capacitor local;SUCCESSFUL;connecting;integrated;state;hard Sahara Functionality
7;WITHDRAWAL;12251;54594;invoice;Moldovan line;FAILED;utilisation PCI;visualize application initiatives;Alaska;Bypass Haiti cross-platform
8;TRANSFER;97728;57737;Israel Kids;back-end;PENDING;override Architect;Delaware Wooden;Car enable copy;Diverse
9;BILLS;95241;59160;Home Car parse;Arkansas Hryvnia feed;FAILED;array back-end Lithuanian;Austria array Georgia;index clicks-and-mortar Organic;responsive core Incredible
10;BILLS;73236;8907;background copy extranet;Dalasi compress Loan;PENDING;Generic;Handmade redundant;pixel Direct;Keyboard Avon
